,title,char_num,images_num,h1_list,h1_num,h2_list,h2_num,h3_list,h3_num,h4_list,h4_num,h5_list,h5_num,index,Keyword
0,化粧水のおすすめ商品・人気ランキング｜美容・化粧品情報はアットコスメ,6891,71,['化粧水 おすすめ商品・人気ランキング'],1,['化粧水'],1,['最新クチコミランキング'],1,"['ザ・タイムR アクア', 'フェイシャル トリートメント エッセンス', 'クラリフィック デュアル エッセンス ローションNEW', 'リセットクリア N', 'ハトムギ化粧水NEW', 'アルビオン 薬用スキンコンディショナー エッセンシャル', 'モイストバランス ローション', 'フローラドリップ', '白潤プレミアム 薬用浸透美白化粧水', 'VC100エッセンスローションEX']",10,[],0,1,化粧水　おすすめ
1,【人気のおすすめ化粧水37選】美容のプロに聞いた化粧水の選び方も - OZmall,29771,94,['【人気のおすすめ化粧水37選】美容のプロに聞いた化粧水の選び方も'],1,"['Topics', 'menu', 'ピックアップアイテム', '1.【1分で肌診断】あなたの肌は何タイプ？', 'まずはスキンケアのトライアルセットで試して！オズモール掲載の全アイテムをご紹介', '2．【編集部おすすめ】人気の化粧水37選', 'まずはスキンケアのトライアルセットで試して！オズモール掲載の全アイテムをご紹介', '3．化粧水の選び方', '4．みんなの化粧水事情', '5．化粧水の正しい使い方', '6．OZmall読者の疑問を解決！化粧水・スキンケアに関するQ&A', 'まずはスキンケアのトライアルセットで試して！オズモール掲載の全アイテムをご紹介', '関連キーワード', 'みんなの体験コメント\n体験コメントとは']",14,"['', '', '', '', '', '今回お話を聞いたのは・・・\n日本メイクアップ技術検定協会\u3000芦田貴子さん', '日本メイクアップ技術検定協会\u3000戸田愛里沙さん', 'エリクシール ホワイト トライアルセット', 'HIK ベーシックセット', '敏感肌の特徴', '敏感肌の読者に人気のアイテム', '', 'POLA B.A スターター キット', '【敏感肌の読者】使用人数:4/173人', 'アルビオン\u3000薬用スキンコンディショナー', '【敏感肌の読者】使用人数:4/173人', 'キュレル', '【敏感肌の読者】使用人数:4/173人', '乾燥肌の特徴', '乾燥肌の読者に人気のアイテム', '', 'オルビスユーローション', '【乾燥肌の読者】使用人数:23/473人', '化粧水 敏感肌用 高保湿タイプ', '【乾燥肌の読者】使用人数:14/473人', 'エリクシールシュペリエル', '【乾燥肌の読者】使用人数:12/473人', '普通肌の特徴', '普通肌の読者に人気のアイテム', '', '肌ラボ\u3000極潤ヒアルロン液', '【普通肌の読者】使用人数:5/345人', 'sk2 フェイシャルトリートメントエッセンス', '【普通肌の読者】使用人数:5/345人', 'IPSA ザタイムRアクア', '【普通肌の読者】使用人数:5/345人', '混合肌の特徴', '混合肌の読者に人気のアイテム', '', 'オルビス\u3000薬用クリアローション', '【混合肌の読者】使用人数:11/527人', 'ファンケル\u3000エンリッチ', '【混合肌の読者】使用人数:9/527人', 'KOSE\u3000雪肌精', '【混合肌の読者】使用人数:4/527人', '脂性肌の特徴', '脂性肌の読者に人気のアイテム', '', 'ハトムギ化粧水', '【脂性肌の読者】使用人数:6/60人', 'クリニーク\u3000クラリファイング\u3000ローション2', '【脂性肌の読者】使用人数:2/60人', 'オルビスユーホワイトローション', '【脂性肌の読者】使用人数:2/60人', '2-1.【総合おすすめ】幅広い年齢層から人気の化粧水12選', 'オルビスユー\u30007日間体験セット', 'B.A スターター キット（ハーフサイズ）', 'エリクシール シュペリエル', '無添加エンリッチ ハリつや肌1ヶ月集中セット', 'ハトムギ化粧水', '化粧水 敏感肌用 しっとりタイプ', '化粧水 しっとりタイプ', '薬用スキンコンディショナー エッセンシャル', '化粧水 敏感肌用 高保湿タイプ', 'フェイシャルトリートメントエッセンス', 'ザ・タイムR アクア', '薬用 雪肌精', '2-2.【20代におすすめ】人気の化粧水5選', 'ホワイトケア ローション', '薬用ローション', 'プリマモイストローション I', 'メラノCC 薬用しみ対策 美白化粧水', '極潤ヒアルロン液', '2-3.【30代におすすめ】人気の化粧水5選', 'エリクシール ホワイト トライアルセット', '薬用クリア\u3000トライアルセット', 'クラリフィック デュアル エッセンス ローション', '薬用アクネケアローション', '化粧水Ⅲ とてもしっとり', '2-4.【40代におすすめ】人気の化粧水5選', 'オルビスユードットローション', 'ドレスリフト\u300014日間のハリ体験プログラム', '高保湿化粧水＜美白＞ とてもしっとり', 'フラワーブーケ ローズ EXトナー', 'オルビスユー ホワイトローション', '2-5.【50代におすすめ】人気の化粧水5選', 'クラリファイニングローション2', 'アスタリフト\u3000ベーシックトライアルキット', '薬用マイルドローション M', 'VC100エッセンスローションEX', 'スペチアーレ 薬用ローション', '3-1．種類から選ぶ', '一般的な化粧水（柔軟・保湿）', '', '収れん化粧水', '', '拭き取り化粧水', '', '美白化粧水', '', 'ニキビ化粧水', '', '3-2．年代から選ぶ', '10代', '', '20代', '', '30代', '', '40代', '', '50代', '', '4-1．化粧水を選ぶときに重視していることは？', '4-2．化粧水を買うときの予算は？', '4-3．化粧水はどこで買うことが多い？', '', 'コットンを使う場合', '手でつける場合', '', '今回お話を聞いたのは・・・日本メイクアップ技術検定協会']",121,"['', 'おすすめポイント', 'おすすめポイント', 'おすすめポイント', 'おすすめポイント', 'おすすめポイント', 'おすすめポイント', 'おすすめポイント', 'おすすめポイント', 'おすすめポイント', 'おすすめポイント', 'おすすめポイント', 'おすすめポイント', 'おすすめポイント', 'おすすめポイント', 'おすすめポイント', 'おすすめポイント', 'おすすめポイント', 'おすすめポイント', 'おすすめポイント', 'おすすめポイント', 'おすすめポイント', 'おすすめポイント', 'おすすめポイント', 'おすすめポイント', 'おすすめポイント', 'おすすめポイント', 'おすすめポイント', 'おすすめポイント', 'おすすめポイント', 'おすすめポイント', 'おすすめポイント', 'おすすめポイント', 'おすすめポイント', 'おすすめポイント']",35,"['口コミ / レビュー', '口コミ / レビュー', '口コミ / レビュー', '口コミ / レビュー', '口コミ / レビュー', '口コミ / レビュー', '口コミ / レビュー', '口コミ / レビュー', '口コミ / レビュー', '口コミ / レビュー', '口コミ / レビュー', '口コミ / レビュー', '口コミ / レビュー', '口コミ / レビュー', '口コミ / レビュー', '口コミ / レビュー', '口コミ / レビュー', '口コミ / レビュー', '口コミ / レビュー', '口コミ / レビュー', '口コミ / レビュー', '口コミ / レビュー', '口コミ / レビュー', '口コミ / レビュー', '口コミ / レビュー', '口コミ / レビュー', '口コミ / レビュー', '口コミ / レビュー']",28,2,化粧水　おすすめ
2,【2021年】化粧水のおすすめ人気ランキング54選【徹底比較】 | mybest,51873,322,['【2021年】化粧水のおすすめ人気ランキング54選【徹底比較】'],1,"['この記事を監修する専門家', '検証のポイント', '化粧水の役割とは？どんな効果が期待できるの？', '化粧水の選び方', '化粧水全54商品\nおすすめ人気ランキング', '売れ筋の人気化粧水全54商品を徹底比較！', '化粧水の正しい使い方とは？手とコットンどちらでつけるべき？', '拭き取り化粧水・導入化粧水・収れん化粧水との違いは？', '化粧水・乳液・クリームなどはライン使いすべき？', '高価な化粧水ほど効果は高いの？', 'マスク生活の乾燥・肌荒れケアに役立つ化粧水は？', '年齢によってスキンケアアイテムは変えるべき？', '化粧水の売れ筋ランキングもチェック！', '関連記事', '人気の記事', '人気のアイテムリスト', 'カテゴリから探す']",17,"['検証① 保湿力', '検証② 成分評価', '検証③ 使い心地', '① 乾燥肌？脂性肌？肌タイプによって適した化粧水は変わる', '② 美白・ニキビ予防など、肌悩みにアプローチできる商品にも注目', '③ 精油やエキスが多すぎるものには注意。敏感肌の人は肌へのやさしさも確認を', '④ つけ心地・容器・香りも考慮。使い続けやすい1本を見つけて', '株式会社グライド・エンタープライズ\nルルルン ローション', 'ETVOS（エトヴォス）\nモイスチャライジングローション', '菊正宗\n日本酒の化粧水 高保湿', '第一三共ヘルスケア\nミノン アミノモイスト モイストチャージ ローションII', 'カネボウ化粧品\nRMK ファーストセンス ハイドレーティングローション リファインド', 'ロート製薬\n肌ラボ 極潤プレミアム 特濃ヒアルロン液', 'コーセーマルホファーマ\nカルテHD モイスチュアローション\u3000高保湿化粧水', 'FANCL（ファンケル）\nエンリッチ 化粧液 Ⅱ しっとり', '花王\nキュレル 潤浸保湿 化粧水 III とてもしっとり', 'アサヒグループ食品\n素肌しずく ぷるっとしずく化粧水C', 'カネボウ化粧品\nカネボウ オン スキン エッセンス', '大正製薬\nアドライズ アクティブローション', 'アルビオン\nフローラドリップ', 'イプサ\nザ・タイムR アクア', 'ヤーマン\nオンリーミネラル Nude バウンシー エッセンスローション (d)', 'DHC\nプラセンタ2 ヒアルロン酸4 ウォータージェル', 'コーセー\nコスメデコルテ\u3000リフトディメンション リプレニッシュ ファーム ローション', 'アクセーヌ\nモイストバランス ローション', 'オルビス\nオルビスユー ローション', '常盤薬品工業\nノブ Ⅲ フェイスローション R（しっとり）', 'オルビス\n薬用 クリアローション', 'ビバリーグレンラボラトリーズ\nビーグレン QuSome ローション', '資生堂薬品\nイハダ 薬用ローション とてもしっとり', 'スタイリングライフ・ホールディングス\nももぷり 潤い化粧水', 'ポーラ\nB.A ローション', 'ドクターシーラボ\nVC100エッセンスローションEX', 'ちふれ化粧品\nちふれ 化粧水 しっとりタイプ', 'クラランス\nファーミング EX トリートメント エッセンス ローション', 'ELC\u3000JAPAN\nクリニーク モイスチャー サージ ハイドレーティング ローション', '資生堂\nアクアレーベル バランスケア ローション M', 'グライド・エンタープライズ\nルルルン ローション モイスト', 'ロート製薬\n肌ラボ 白潤プレミアム 薬用浸透美白化粧水 しっとりタイプ', 'シャネル\nル リフト ローション', '資生堂\nエリクシール シュペリエル リフトモイスト ローションT2', 'アユーラ\nリズムコンセントレートウォーター', 'ヤクルト本社\nラクトデュウ S.E.ローション', 'ロート製薬\nメラノCC 薬用しみ対策美白化粧水 しっとりタイプ', 'マツモトキヨシ\nARGELAN モイストクリア ローション エンリッチ', '良品計画\n無印良品 化粧水・敏感肌用・高保湿タイプ', 'クリスチャンディオール\nカプチュール トータル セル ENGY ローション', 'イミュ\nナチュリエ ハトムギ化粧水', 'ロート製薬\nObagi オバジX リフトローション', 'VT cosmetics\nVTシカスキン VT CICA Skin', 'マッシュビューティーラボ\nスナイデルビューティー スキン コンディショニング ローション', '資生堂\ndプログラム アクネケア ローション MB', 'アリエルトレーディング\nFEMMUE オードカメリア', 'P＆Gプレステージ\nSKⅡ フェイシャル トリートメント エッセンス', 'シロク\nN organic モイスチュア&バランシング ローション', 'ALBION（アルビオン）\n薬用スキンコンディショナー エッセンシャル', '常盤薬品工業\nなめらか本舗\u3000化粧水\u3000ＮＡ', 'コーセー\n雪肌精 エンリッチ', '日本ロレアル\nランコム クラリフィック デュアル エッセンス ローション', 'ACRO\nTHREE バランシング ローション R', '日本ロレアル\nキールズ ハーバル トナー CL アルコールフリー', 'シロ\nSHIRO 酒かす化粧水', '検証① 保湿力', '検証② 成分評価', '検証③ 使い心地']",65,"['乾燥肌：「グリセリン」や液状オイル配合のしっとりタイプが好適', '脂性肌：清涼感のある「エタノール」入り化粧水などでさっぱり保湿', '混合肌：アイテムの使い分けや、塗る量の調節でうまく保湿して', '普通肌：美白など「攻めのケア」にも挑戦。使用感を重視しやすい', '美白化粧水：日やけによるシミ・そばかすを予防。透明感のある肌を目指す人に', 'ニキビケア化粧水：大人ニキビ・思春期ニキビなどタイプに合わせて予防を徹底', 'エイジングケア化粧水：ハリ・ツヤを与え、ふっくらした若々しい肌に', '自分好みのテクスチャ・香りの化粧水で心地よくケア', '容器は愛着がわく、ライフスタイルに合ったものがベター', '顔から足の先まで全身じゃぶじゃぶ使える！フェイスマスクみたいにうるおう贅沢化粧水', 'たっぷり容量で1,320円（税込）！コスパ抜群で続けやすい', '優秀な保湿力でしっとり肌に！乾燥肌でも大満足なベストバイ', '冬場でも頼れそうなしっとり感。エイジングケアも期待できる', '一際優れた保湿力を発揮。肌へのやさしさも考えられた1本', '乾燥肌ケアに適した成分構成。謳い文句どおりの高保湿を証明', 'しっとりした肌感触に。夕方肌が乾燥しやすい人にもおすすめ', '高保湿を謳うにふさわしい。敏感肌もやさしくケアする化粧水', 'オイルなど高保湿成分を配合。しっとりしたうるおい肌に', '敏感肌向けの商品らしいシンプルな成分構成。肌なじみもよし', 'ぷるぷるのジェルがとろけてもっちり肌に。高い保湿力が魅力', '伸び・なじみが良好。敏感肌など肌悩みを問わずに使える', 'しっとり感が持続。保湿・美白・エイジングケアが同時に実現', '伸びのよいまろやかなテクスチャ。エイジングケアにも使える', 'しっとりなめらかな肌へ整える。マスクによる肌荒れ予防にも', '肌表面に残るが、保湿感は得られる。肌へのやさしさも十分', 'なじむまでには時間が必要。幅広い世代の乾燥ケアに対応', '香りは強め。40代以降の肌にうれしいエイジングケア商品', '中身を出す際は慎重に。大幅に増えた肌水分量をしっかり維持', '敏感肌には向かないエキスも見られたが、保湿力はハイレベル', '容器の使い勝手に難あり。一方、保湿・肌荒れ防止にお役立ち', 'エタノールが苦手な人は注意。さっぱりしつつも保湿力は高い', 'フタの重みが気になる可能性あり。年齢肌のケアにもおすすめ', '薬用化粧品独特の香りはするが、敏感肌の肌荒れ防止には好適', '強すぎる桃の香りが鼻につく。やや乾燥気味な普通肌向き', '強い香りは好みを二分。美容成分の浸透に期待できる成分構成', 'ぬるっとしていてなじみにくいが、肌にうれしい成分が豊富', 'エタノールの刺激臭が鼻につく一方で、乾燥肌もケアできる', '肌が敏感なときには注意。うるおいとハリのある肌を目指せる', '保湿効果は高いが、ツンとしたにおいが気になる可能性も', 'マルチなケアが可能な1本。塗り心地と香りはモニターに不評', '保湿力は優良。ハリを与える成分の量にはあまり期待できない', '美白ケア・肌荒れ予防に使える。保湿成分は年齢肌には不十分', '豊富な保湿成分でしっかりうるおう。使い心地は好みを二分', '高い保湿力で肌がもっちり。お花の独特な香りは人を選ぶ', '軽いつけ心地で適度にしっとり。強い香りが苦手な人には不適', 'うるおいは持続するが、成分評価は合格ラインを下回った', 'ビタミンCで美白ケアをかなえる。成分特有の香りは鼻につく', '乾燥肌のケアが可能。ただし、精油が多く敏感肌には不向き', 'バランスのよいテクスチャが好印象。容器には課題点あり', 'エイジングケアに適している。中身の出しすぎと液だれに注意', '自然になじんでしっかり保湿。ただし、量の調節は慎重に。', 'まずまずの保湿力でしっとり肌に。美容成分の多さは一長一短', '成分評価が伸び悩む。香りと容器の使い勝手が快適とはいえず', '敏感肌の人は要注意。ツンとした刺激のある香りも気になる', '十分な保湿力を発揮できなかった。量の調節もしにくい', 'すぐに保湿感が消えてしまう。デリケートな肌には使いにくい', 'ツンとした発酵系の香りが不評。肌水分量が減少する場合も', '精油が多く敏感肌には刺激となる可能性が。容器も使いにくい', '乾燥肌・敏感肌には向かない印象。化粧品独特の香りが強い', '保湿力は相性次第。ハリを与える成分にはあまり期待できない', 'アルコール過敏症の人は注意。しっとりタイプとしては力不足', '保湿・成分評価で合格ラインを越えられず。しっとり感も薄い', '平均以下と保湿力が心もとない。ハーブの香りは好みを分ける', '肌水分量の増加を維持できず。敏感肌への刺激も気になる', '保湿力・成分評価ともに振るわず。酒粕のにおいはクセが強い']",65,[],0,3,化粧水　おすすめ
3,@cosme公式通販 化粧水のおすすめ売れ筋人気ランキング / @cosme SHOPPING,6196,65,"['', '化粧水のおすすめ売れ筋人気ランキング']",2,"['ザ・タイムR アクア / 200ml / 単体', '【人気につき数量限定で再入荷!】フィックス メイクアップ Su21 / 50mL / 本体', 'リセットクリア N / 200ml / 本体 / ハーバル・フローラルの香り', 'このカテゴリの人気ブランドから探す']",4,[],0,[],0,[],0,4,化粧水　おすすめ
4,Amazon.co.jp 売れ筋ランキング: 化粧水 の中で最も人気のある商品です,4662,62,['化粧水 の 売れ筋ランキング'],1,[],0,[],0,[],0,[],0,5,化粧水　おすすめ
5,化粧水おすすめランキング | 人気ブランド・売れ筋！【2021年最新版】,44157,3,['【2021年最新】肌質・年代別の人気おすすめ化粧水ランキング！'],1,"['化粧水の選び方は？', 'あなたの肌タイプは？【肌診断】', '乾燥肌の特徴', '乾燥肌の化粧水選び', '乾燥肌におすすめの化粧水', '混合肌の特徴', '混合肌の化粧水選び', '混合肌におすすめの化粧水', '普通肌の特徴', '普通肌の化粧水選び', '普通肌におすすめの化粧水', '敏感肌の特徴', '敏感肌の化粧水選び', '敏感肌におすすめの化粧水', 'インナードライ肌の特徴', 'インナードライ肌の化粧水選び', 'インナードライ肌におすすめの化粧水', '脂性肌の特徴', '脂性肌の化粧水選び', '脂性肌におすすめの化粧水', '年齢にあう化粧水を選ぶべき？', '10代の化粧水選び', '10代に人気の化粧水5選', '20代の化粧水選び', '20代に人気の化粧水5選', '30代の化粧水選び', '30代に人気の化粧水5選', '40代の化粧水選び', '40代に人気の化粧水5選', '50代の化粧水選び', '50代に人気の化粧水5選', '保湿の基本は水分！', '保湿のポイントは角層構造', '分子量の小さい成分は浸透しやすい', 'ブースター（導入液）を選ぶ', '化粧水と乳液、どっちを先につける？', '悩み・肌トラブル別に合わせて成分から化粧水を選ぼう', '化粧水の種類から選ぶ', '成分から化粧水を選ぶ', 'ブランド名から化粧水を選ぶ', 'よくある化粧水についての疑問にお答え！', 'TravelBookについて']",42,"['Q：いつもの化粧水が突然「ヒリヒリ」しみるときはどうすればいい？', 'Q：はじめての化粧水をつけたらすぐに赤み、かゆみ、痛みを感じました。どうすればいい？', 'Q：生理になると口の周りや顎にニキビができてしまいます。化粧水を変えた方がよいのでしょうか？', 'Q：化粧水、乳液をつけるとベタついてしまいます。対策はありますか？', 'Q：化粧水、乳液、クリーム、スキンケアは同じブランドでライン使いした方がいいの？', 'Q：化粧水をもっと浸透させるには？ブースターがおすすめ！']",6,[],0,[],0,6,化粧水　おすすめ
6,【化粧水】人気のおすすめ70選｜2021最新・美白からエイジングケアまで雜誌『LDK』が有名シリーズ総チェック！ - the360.life（サンロクマル）,30508,1072,['【化粧水】人気のおすすめ70選｜2021最新・美白からエイジングケアまで雜誌『LDK』が有名シリーズ総チェック！'],1,"['▼本記事のテスト、および監修・取材協力はコチラ', '目次', 'ちゃんと潤って肌にやさしい究極の1本探しました', 'これって正解？ 効果がUPする化粧水の使い方', '最高の化粧水はどれ？ 70製品を徹底検証しました', '【化粧水 2021】人気＆話題のプチプラ編', '感動級のうるツヤ肌が叶う！カルテHD「モイスチュアローション」', 'キメを整えて年齢肌を底上げ！ジョワセリュール「ローション」', 'サラッと水のような軽さ フーミー「モイストローション」', '小ジワケアに効果あり！ フーミー「モイストエイジングケアローション」', '外出前の時短ケアにもオススメ！ヘパリート「薬用保湿化粧水」', 'ビタミンAが小ジワを改善 エクセルーラ「パワーローションEX」', '肌の内側からじっくる保湿 ドゥーエ「化粧水」', '油分不使用の超乾燥肌向けライン オルビス「アクア ローション RM」', '有効成分トリプル配合！ホワイトルフィフス「薬用美白化粧水」', '【化粧水 2021】人気＆話題ミドル＆ハイライン編', '贅沢成分で夢の美白肌を叶える ドクターシーラボ「VC100エッセンスローションEX」', '化粧水というより美容液 ブランホワイト「ホワイトニングローション リッチモイスト」', 'キメが整い自然なツヤが復活！イプサ「ザ・タイムR アクア」', '即効性のビタミンC配合 N organic Vie「モイストリッチローション」', '話題のシカエキスがたっぷり！シトラナ「シカリペアローション」', '8点のライン使いが基本 ドモホルンリンクル「保湿液」', '上品なツヤが出る ランコム「クラリフィック デュアル エッセンス ローション」', '湯上がりたまご肌が叶う SK-Ⅱ「フェイシャル トリートメント エッセンス」', '酒蔵の酒かすを使用したシンプル製法 SHIRO「酒かす化粧水」', '【化粧水 2021】有名シリーズ解剖「プチプラ編」', '【シリーズ解剖：プチプラ編】キュレル', '肌の土台作りに最強の1本！キュレル「美白ケア 化粧水 Ⅲ とてもしっとり」', 'ディープなうるおいが長続き！キュレル「湿潤保湿 化粧水 Ⅲ とてもしっとり」', '乾燥小ジワを改善！キュレル「エイジングケアシリーズ 化粧水」', '乾燥小ジワを改善！キュレル「皮脂トラブルケア 化粧水」', '【シリーズ解剖：プチプラ編】ミノン アミノモイスト', 'しつこい大人ニキビをケア ミノン アミノモイスト「薬用アクネケアローション」', 'うるおってツヤ感倍増！ミノン アミノモイスト「モイストチャージローションⅡ」', 'プルンとしたハリが出る！ミノン アミノモイスト「エイジングケアローション」', '【シリーズ解剖：プチプラ編】アクアレーベル', '1本で乾燥もハリも美白も！アクアレーベル「バランスケアローション」', '2種の美白成分が働き理想の色白肌に アクアレーベル「ホワイトケアローション」', '深くうるおいシワも予防 アクアレーベル「バウンシングケアローション」', '【シリーズ解剖：プチプラ編】肌ラボ', '圧倒的な保水力でモチモチ肌に 肌ラボ「極潤α ハリ化粧水」', '見違えるほどのツヤ肌に 肌ラボ「極潤プレミアム ヒアルロン液」', '肌質を選ばない 肌ラボ「極潤 ヒアルロン液」', '敏感肌の美白ケアに 肌ラボ「白潤薬用美白化粧水」', '美白効果が高い 肌ラボ「白潤プレミアム 薬用浸透美白化粧水」', '【シリーズ解剖：プチプラ編】ムクナ', '年齢に負けない色っぽい肌に ムクナ「エイジングケア化粧水」', '殿堂入り！文句なしの銘品 ムクナ「化粧水 しっとり」', 'パシャパシャ使えて気分もさっぱり！ ムクナ「化粧水 さっぱり」', '【シリーズ解剖：プチプラ編】肌美精', 'キメの整ったなめらか美肌に！肌美精「保湿化粧水」', '肌荒れやニキビ対策に 肌美精「薬用整肌化粧水」', '透明感のある美肌に導く 肌美精「薬用美白化粧水」', 'まずまずの使用感 肌美精「ハリつや化粧水」', '【シリーズ解剖：プチプラ編】無印良品', '美白効果が長続きする 無印良品「敏感肌用 薬用美白化粧水」', 'ハーブの香りで気分爽快 無印良品「ハーバル化粧水」', '油分不使用でももっちりツヤツヤに！無印良品「化粧水 敏感肌用」', 'ナチュラルな仕上がりに 無印良品「クリアケア化粧水」', '自然なツヤとハリに満足！無印良品「エイジングケア化粧水」', '美白もエイジングケアも！無印良品「エイジングケア薬用美白化粧水」', '【シリーズ解剖：プチプラ編】なめらか本舗', 'もっちり感がスゴイ！ なめらか本舗「リンクル化粧水N」', 'コスパが優秀 なめらか本舗「とてもしっとり化粧水」', 'もっちりうるおう なめらか本舗「ハリつや化粧水 N」', 'スプレー式の化粧水 なめらか本舗「薬用美白ミスト化粧水」', '【シリーズ解剖：プチプラ編】ルルルン', '肌も気持ちもさっぱり！ルルルン「プレシャスローション リッチ」', '内側からしっとり保湿する ルルルン「ローション モイスト」', '水のように軽い使い心地 ルルルン「ローション クリア」', '【化粧水 2021】有名シリーズ解剖「ミドルライン編」', '【シリーズ解剖：ミドルライン編】アスタリフト', '年齢肌のダメージをカバー アスタリフト「モイストローション」', '日常的な肌ダメージを防ぐ アスタリフト「ブライトローション」', '【シリーズ解剖：ミドルライン編】dプログラム', 'ゆらぎやすい肌をケア dプログラム「バランスケアローション MB」', 'とろみローションで肌モチモチ！dプログラム「モイストケアローション MB」', 'ツヤでシワやくすみをカバー dプログラム「バイタルアクトローション MB」', '使用感は超さっぱり！dプログラム「アクネケアローション MB」', '肌の凹凸が目立たなくなった dプログラム「ホワイトニングクリアローション M」', '【シリーズ解剖：ミドルライン編】アルージェ', '美白しながらしっとりうるおう アルージェ「ホワイトニング ミストセラム」', '敏感肌のエイジングケアに アルージェ「エンリッチ ミストローション」', 'ほどよいハリが出る アルージェ「モイスチャーミストローションⅡ」', '肌トラブルをやさしくケア アルージェ「トラブルリペア リキッド」', '【シリーズ解剖：ミドルライン編】雪肌精 クリアウェルネス', 'スベスベなめらか肌に 雪肌精 クリアウェルネス「ナチュラルドリップ」', '低刺激性でモチモチ肌に 雪肌精 クリアウェルネス「ピュアコンク」', '【シリーズ解剖：ミドルライン編】エリクシール', '透明感のある美肌に エリクシール ホワイト「クリアローション T Ⅲ」', '全項目合格点でハリも出る エリクシール シュペリエル「リフトモイストローション T Ⅲ」', 'つや玉でくすみをカバー エリクシール アドバンスド「ローション T Ⅲ」', 'はじめてのエイジングケアに エリクシール ルフレ「バランシングウォーター Ⅱ」', 'おわりに', 'おすすめ記事', '関連記事']",96,"['Q. 化粧水はコットンと手のひら、どちらで付けるのがいいの？', 'Q. 化粧水をつけたらぎゅーっとハンドプレスしたほうがいい？', 'テスト1：保湿力', 'LAB.360（ラボドットサンロクマル）研究員\n塩原みゆきのコメント', 'テスト2：成分', 'テスト3：使用感', '読者モニター\n読者モニターのコメント', '読者モニター\n読者モニターのコメント', '読者モニター\n読者モニターのコメント', '元化粧品メーカー勤務\n石渡比奈子 氏のコメント', '元化粧品メーカー勤務\n石渡比奈子 氏のコメント', '読者モニター\n読者モニターのコメント', '読者モニター\n読者モニターのコメント']",13,[],0,[],0,7,化粧水　おすすめ
7,化粧水の人気おすすめランキング【2021年最新口コミ情報】｜ホットペッパービューティーコスメ,25796,98,['化粧水の人気おすすめランキング'],1,"['人気急上昇中の化粧水', '年代や価格帯別ランキング', '化粧水のおすすめブランド', 'コスメを見つける', '化粧水の新作コスメ', 'その他の人気コスメランキング', '気になる口コミやコスメを検索！']",7,[],0,[],0,[],0,8,化粧水　おすすめ
8,《2021年》化粧水の選び方とおすすめ5選をプロが徹底解説！ - 価格.comマガジン,7299,64,"['', '《2021年》化粧水の選び方とおすすめ5選をプロが徹底解説！']",2,"['化粧水の主な役割と効果', '化粧水の選び方を美容家のプロが解説！', 'カサカサ肌に潤いを！乾燥肌・敏感肌におすすめのしっとり化粧水', '脂性肌（オイリー肌）・混合肌におすすめのさっぱり化粧水', 'ハリのある肌をキープ！エイジングケア（年齢に応じたお手入れ）におすすめの化粧水']",5,"['１．保湿', '２．肌トラブルの予防', '３．エイジングケア（年齢に応じたお手入れ）', '１．自分の肌質に合う成分、合わない成分を知る', '２．お試しセットやテスターを活用する', '３．敏感肌用の化粧水を常備する（お肌の状態に合わせて使い分ける）', '４．「医薬部外品」または「薬用」の表記を確認する', '１．資生堂薬品「イハダ 薬用ローション (とてもしっとりタイプ)」', '２．資生堂「dプログラム アレルバリア ミスト」', '３．花王「ソフィーナ アルブラン 薬用ローション」', '４．ORBIS「オルビスユー ローション」', '５．第一三共ヘルスケア「トランシーノ 薬用ホワイトニングクリアローションEX」']",12,[],0,[],0,9,化粧水　おすすめ
9,化粧水人気おすすめランキング【2021最新】700万人が選ぶ口コミ第1位はSNSで話題の商品がランクイン！ | LIPS,84696,205,['化粧水人気おすすめランキング30選【2021年最新】'],1,"['専門家が教える化粧水の選び方\n化粧水', 'IPSA/ザ・タイムR アクア', 'CLARINS/フィックス メイクアップ', 'ALBION/フローラドリップ', '人気急上昇中の化粧水をチェック♡', 'SK-II/フェイシャル トリートメント エッセンス', 'キュレル/ディープモイスチャースプレー', 'FEMMUE/ルミエール ヴァイタルC', 'CNP Laboratory/Pブースター', 'ALBION/アルビオン 薬用スキンコンディショナー エッセンシャル', 'アベンヌ/アベンヌ ウオーター', '無印良品/化粧水・敏感肌用・高保湿タイプ', '化粧水の特徴別ランキング', 'CLAYGE/メイクアップフィクサー', 'ナチュリエ/ナチュリエ ハトムギ化粧水(ナチュリエ スキンコンディショナー h )', 'IPSA/イプサ ＭＥ ４（医薬部外品）', 'エリクシール/エリクシール シュペリエル つや玉ミスト', 'COSME DECORTE/コンフォート デイミスト\u3000セット＆プロテクト', '化粧水の関連ランキング', 'ネイチャーコンク/薬用クリアローション', 'RMK/RMK Wトリートメントオイル', 'ACSEINE/モイストバランス ローション', 'ネイチャーリパブリック/グリーン ダーマ マイルド シカ ビックトナー', 'IPSA/イプサ ＭＥ ８（医薬部外品）', '化粧水のおすすめブランド', '肌ラボ/白潤プレミアム薬用浸透美白化粧水', 'SK-II/フェイシャル トリートメント クリア ローション', 'KANEBO/カネボウ オン スキン エッセンス V', 'オードムーゲ/オードムーゲ 薬用ローション（ふきとり化粧水）', 'ドクターシーラボ/VC100エッセンスローションEX', '化粧水の特徴別ランキング', 'Dior/スノー ライト エッセンス ローション (薬用化粧水) (医薬部外品)', 'APLIN/ピンクティーツリートナー', 'BENEFIQUE/リセットクリアN', '無印良品/化粧水・敏感肌用・しっとりタイプ', '肌ラボ/極潤ヒアルロン液（ハダラボモイスト化粧水d）', '化粧水の関連ランキング', '開催中のプレゼントキャンペーン']",38,"['三宅真紀(みやけまき)\n表参道美容皮膚科\u3000原宿本院', 'クレ・ド・ポー ボーテ\nクレ・ド・ポー ボーテ ローションイドロA n', 'メンソレータム アクネス\n薬用パウダー化粧水', '無印良品\n拭き取り化粧水', 'くるんっ。キラッ。夏の主役eyeの作り方', '新着商品', '関連する記事', 'クチコミを探す', '新作コスメカレンダー', '関連するタグ', '関連するランキング', '【新色いち早くお試し✨】 しっとり密着♡溶け込む「透けツヤ」シャドウ✨×とろける描き心地アイライナー', 'べたつきは避けたいけど、うるおいは守りたい。LIPSでも大人気の“ハトムギ浸透乳液”を100名様に！', 'LIPSで人気！BLEND BERRY オーラクリエイションより限定カラーが新登場！', '肌悩みの起きにくい整った素肌へ！キールズ 「カレンデュラ*1トナー」で日々の素肌ケアにいたわりを🎁', '大人気「FORTUNE」より新商品を誰よりも早く！『ドーリーフィール』発売記念プレゼント！', '【KATE新作】肌影カラーで立体感を掘り起こすアイシャドウをプレゼント🎁']",17,[],0,[],0,10,化粧水　おすすめ
0,シャンプー・コンディショナーのおすすめ商品・人気ランキング｜美容・化粧品情報はアットコスメ,7523,65,['シャンプー・コンディショナー おすすめ商品・人気ランキング'],1,['シャンプー・コンディショナー'],1,['最新クチコミランキング'],1,"['&honey Silky スムースモイスチャーシャンプー1.0／ヘアトリートメント2.0', 'mixim POTION EXリペアシャンプー／ヘアトリートメント', 'シャンプー／トリートメント DN', '&honey Melty モイストリペア シャンプー1.0／ヘアトリートメント2.0', 'mixim suppli ビタミン リペアシャンプー／コラーゲン リペアヘアトリートメント', 'ピュアモイスト シャンプー 1.0／ヘアトリートメント 2.0', 'ディープモイスト シャンプー1.0／ヘアトリートメント2.0', 'オイルインシャンプー／コンディショナー(リッチ＆リペア)', 'プルント モイストリッチ美容液シャンプー/モイストリッチリペア美容液トリートメント', 'ドライ シャンプー Ｎ']",10,[],0,1,シャンプー　おすすめ
1,人気のおすすめシャンプー37選！美容師から聞いた選び方も - OZmall,24230,95,['人気のおすすめシャンプー37選！美容師から聞いたアイテムの選び方も'],1,"['コンテンツ', '1．シャンプーの選び方', 'ピックアップアイテム', '2．【市販】人気のおすすめシャンプー22選', '3．【サロン専売】人気のおすすめシャンプー15選', '4．正しいホームケア方法【髪を健やかに保つ】', '5．シャンプーに関するQ&A', '関連キーワード', 'みんなの体験コメント\n体験コメントとは']",9,"['', '', '', '', '', '今回お話を聞いたのは・・・\n美容室「Anell」代表・川村正人さん', '1-1．頭皮の肌質に応じて選ぼう', '乾燥肌なら、アミノ酸系をベースにしたシャンプーやベタイン系を選んで', '年齢による脂性肌なら炭酸系やオイル系を。若年なら高級アルコール系', '敏感肌は頭皮に残留しにくい石けん系がおすすめ', '1-2.髪のお悩みに合わせて選ぼう', 'パサパサのダメージヘアにはセラミドやCMCなどの脂質が重要', 'くせ毛は波状毛（はじょうもう）？捻転毛（ねんてんもう）？種類に応じて対策を', 'ボリューム不足にはハリコシの出るシルク。シリコンの有無はあまり気にしなくてOK', '乾燥毛には保水・保湿が重要。頭皮と同じくベタイン系やアミノ酸系もOK', '乾燥or菌？フケやかゆみは原因に応じて対策を', 'エイジング毛には保湿しつつマッサージが重要', '1-3. 必ずしもノンシリコンがいいとは限らない。シリコンの有無は髪質に合わせて検討', 'パールリッチシャンプー＆コンディショナー', 'シャンプートリートメント', 'kurokami スカルプ', 'シャンプー＆トリートメントセット', 'プレミアムモイストシャンプー', 'ファイブハーブス\u3000リペアリング', 'ラックス プレミアム ボタニフィーク ダメージリペア シャンプー', 'シャンプーエクストラダメージケア', 'ナチュラルケアセレクト\u3000モイストシャンプー', 'メリットシャンプー', 'ディアボーテ オイルインシャンプー（リッチ＆リペア）', 'スマートリペア シャンプー', 'シャンプー\u3000モイスチャー', 'リラックス シャンプー(ソフト&モイスト)', 'シャンプー', 'シャンプー', 'ボタニカルシャンプー(エクストラダメージリペア）', 'シャンプー しっとり保湿タイプ', 'ボタニカルセレクション ナチュラルシャイン シャンプー', '薬用ヘアシャンプー\u3000しっとりタイプ', 'ボヌール\u3000ダメージリペア＆シャイン', 'ベースケアモイスチャコントロールシャンプー', '薬用シャンプー', 'リンスのいらないシャンプー', 'CH バン クロノロジスト', 'L&Rシャンプー N （ラベンダー&ローズマリー）', 'アクアヴィア シャンプー', 'セリエ エクスパート ビタミノカラーA・OXシャンプー', 'QUO クゥオ ヘアバス es', 'ディーセス ノイドゥーエ ヴェロアリュクス シャンプー', 'シャンピュア\u3000ナーチュアリングシャンプー', 'アロマエステ ヘアソープ35', '海藻海泥シャンプー', 'アイケア\u3000シャンプー9', 'サロンクオリティーヘアケアスイートガーリーシャンプー', 'プロフェッショナル\u3000BCクア フォルムコントロール シャンプー', 'ナプラ リラベール CMCシャンプー', 'ラクレア\u3000オー シャンプー\u3000M', 'クレンジング リラックスメント', '1. コーミング', '2. シャンプー', '3. コンディショナー', '4. 洗い流さないトリートメント・ヘアオイル', '5. ドライヤー', '今回お話を聞いたのは・・・\n美容室「Anell」代表・川村正人さん']",63,"['', 'おすすめポイント', 'おすすめポイント', 'おすすめポイント', 'おすすめポイント', 'おすすめポイント', 'おすすめポイント', 'おすすめポイント', 'おすすめポイント', 'おすすめポイント', 'おすすめポイント', 'おすすめポイント', 'おすすめポイント', 'おすすめポイント', 'おすすめポイント', 'おすすめポイント', 'おすすめポイント', 'おすすめポイント', 'おすすめポイント', 'おすすめポイント', 'おすすめポイント', 'おすすめポイント', 'おすすめポイント', 'おすすめポイント', 'おすすめポイント', 'おすすめポイント', 'おすすめポイント', 'おすすめポイント', 'おすすめポイント', 'おすすめポイント', 'おすすめポイント', 'おすすめポイント', 'おすすめポイント', 'おすすめポイント', 'おすすめポイント', 'おすすめポイント', 'おすすめポイント', 'おすすめポイント', 'おすすめポイント', 'おすすめポイント']",40,"['口コミ／レビュー', '口コミ／レビュー', '口コミ／レビュー', '口コミ／レビュー', '口コミ／レビュー', '口コミ／レビュー', '口コミ／レビュー', '口コミ／レビュー', '口コミ／レビュー', '口コミ／レビュー', '口コミ／レビュー', '口コミ／レビュー', '口コミ／レビュー', '口コミ／レビュー', '口コミ／レビュー', '口コミ／レビュー', '口コミ／レビュー', '口コミ／レビュー', '口コミ／レビュー', '口コミ／レビュー', '口コミ／レビュー', '口コミ／レビュー', '口コミ／レビュー', '口コミ／レビュー', '口コミ／レビュー', '口コミ／レビュー', '口コミ／レビュー', '口コミ／レビュー', '口コミ／レビュー', '口コミ／レビュー', '口コミ／レビュー', '口コミ／レビュー', '口コミ／レビュー', '口コミ／レビュー']",34,2,シャンプー　おすすめ
2,【2021】プロとみんなが選ぶおすすめ市販シャンプー｜髪や頭皮に優しいアイテムを検証！｜ホットペッパービューティーマガジン,8743,108,"['', '【2021】プロとみんなが選ぶおすすめ市販シャンプー｜髪や頭皮に優しいアイテムを検証！']",2,"['関連カタログ', 'シャンプー選びは4つのポイントで決める！', 'みんなは何を選んでる？おすすめシャンプーランキング', 'プロが実際に試してみた！悩み別・おすすめの市販シャンプー', 'コレが正解◎プロが教える正しいシャンプーの方法', 'ヘアケアで一番大切なのはシャンプー！', 'この記事が気に入ったらシェア', '地域別にサロンを探す', 'ヘアサロン予約なら', '関連記事', '週間ランキング', '特集', '編集部おすすめ', '人気のキーワード', '公式アカウントもチェック！']",15,"['①頭皮に優しいかどうか、②洗い上がりはどうか', '注目するのは「界面活性剤」', '③髪に優しいかどうか', '④サロンシャンプーと市販シャンプーの違いは？', '第1位\u3000SUPERFOOD LAB オーガニックス シルキーリッチ シャンプー', '第2位\u3000b.est\u3000organic sparkling shampoo', '第3位\u3000PANTENE\u3000パンテーン ミラクルズ カラーシャイン シャンプー', '第4位\u3000&honey &honey Melty モイストリペアシャンプー1.0', '第5位\u3000スカルプD\u3000スカルプD ボーテ ナチュラスター シャンプー', '教えてくれるのはこの方', 'うねり・くせ毛をなんとかしたい方に……サロンクオリティの市販シャンプー', 'くせ毛・乾燥に……仕上がりしっとりな市販シャンプー', '髪や頭皮の乾燥を防ぎたい方に……潤い十分の市販シャンプー', '頭皮のべたつきに悩む方に……マイルドなのに洗浄力が高い市販シャンプー', '髪や頭皮が敏感な方に……シンプルでさっぱり洗い上がりの市販シャンプー', '①1分以上、しっかりお湯で洗う', '②500円玉くらいの量のシャンプーを手に取り、よく泡立てる', '③こめかみ、もみあげなどの生え際から、頭の上に向かって洗う', '④頭のトップを洗う', '⑤頭の後ろ側を洗う', '⑥全体が洗えたら、こめかみ、もみあげ付近と頭頂部を優しくマッサージ', '⑦お湯でしっかりと洗い流す', 'シャンプーで終わらせない！プラスのヘアケアを知るなら、こちらも要チェック']",23,"['【どうするくせ毛問題】プロおすすめシャンプー、原因からおしゃれな直し方まで徹底紹介！', '傷んだ髪の毛を改善したい！パサパサ髪から、さらさら・ツヤツヤ髪へ導くケア方法', 'トリートメントだけじゃない！うるツヤ髪を保つ4つの保湿方法', 'ヘアマスクってどんなもの？うるツヤ髪へ導く使い方とおすすめアイテムをチェック', 'そのダメージヘア、髪の乾かし方が原因かも？！上手に髪を乾かしてうるツヤ美髪を手に入れよう♡']",5,[],0,3,シャンプー　おすすめ
3,《2021年》プロに聞いたおすすめシャンプーと選び方を解説。市販シャンプーの比較検証も - 価格.comマガジン,12348,97,"['', '《2021年》プロに聞いたおすすめシャンプーと選び方を解説。市販シャンプーの比較検証も']",2,"['シャンプーソムリエ直伝！シャンプーの基礎知識と選び方', '髪の悩みやタイプ別 おすすめのサロンシャンプー3選', '市販シャンプーとサロンシャンプーの違い', '香りや泡立ちなどを徹底検証！市販シャンプー比較', '髪にやさしいおすすめの市販シャンプー8選']",5,"['髪の悩みは、シャンプーの専門家「シャンプーソムリエ」に聞こう！', 'シャンプーの基礎知識と選び方', '１．敏感肌でお困りの人におすすめ！\nランテージュ「キュベシノブシャンプー」', '２．髪のダメージでお悩みの人におすすめ！\nランテージュ「キュベシノブプレミアムシャンプー」', '３．カラーやパーマなどヘアデザインを楽しみたい人におすすめ！\nアマトラ「クゥオ ヘアバスesシャンプー」', '▼市販シャンプーの特徴とメリット・デメリット', '▼サロンシャンプーの特徴とメリット・デメリット', 'サロンシャンプーは、一部ネットで購入できる', '１．ステラシード「エイトザタラソモイストシャンプー」', '２．クラシエ「マー&ミーLatte ダメージリペアシャンプー」', '３．KOSE「ジュレーム アミノ シュープリーム カシミアモイストグロス」', '４．花王「メリット シャンプー」', '５. ヴィークレア「ミクシム ポーション リペアシャンプー」', '６．クラシエ「いち髪 なめらかスムースケア シャンプー」', '７．資生堂「TSUBAKI プレミアムモイスト シャンプー」', '８．I-ne「ボタニスト ボタニカルシャンプー モイスト」', '総評・まとめ']",17,[],0,[],0,4,シャンプー　おすすめ
4,【2021最新】人気美容師が選んだ！市販シャンプーおすすめランキング｜コスメ・メイクアップの通販サイト - ヌーヴ・エイオンラインストア,10109,213,"['', '【2021最新】人気美容師が選んだ！\n市販シャンプーおすすめランキング']",2,"['', 'ご協力いただいた美容師さんのご紹介', 'シャンプーのおおまかな種類', 'シリコン配合とノンシリコンの違い', '美容師直伝！シャンプーを選ぶポイント', '美容師が実際に使ってみた！各シャンプーのレビュー', '美容師が選ぶ！市販のシャンプーランキング', 'プロが教える正しいシャンプーの方法', 'ドライヤーも肝心！プロが教える正しいドライヤー方法', '髪の毛にも保湿が大事。人気のアウトバスアイテム', 'まとめ', 'Takuさんの美容室のご紹介', 'おすすめコンテンツ', 'ショップから探す', 'ブランドから探す', 'ご利用ガイド', 'オンラインストアについて']",17,"['高級アルコール系シャンプー', 'ベタイン系のシャンプー', '医薬部外品のシャンプー', 'アミノ酸系シャンプー', 'タウリン系のシャンプー', 'シリコンでもノンシリコンでも使い方によって髪の毛は綺麗になります。', '成分', '洗い上がり', '香り', 'パッケージ', 'コスパ', 'Entry No.1', 'Entry No.2', 'Entry No.3', 'Entry No.4', 'Entry No.5', 'Entry No.6', 'Entry No.7', 'Entry No.8', 'Entry No.9', 'Entry No.10', 'Entry No.11', 'Entry No.12', 'Entry No.13', '\\ ランキング形式でチェック！ /', '洗浄力ランキング', 'コスパランキング', '洗い上りの質感ランキング', '香りランキング', '頭皮ケアランキング', 'カラーの落ちにくさランキング', 'ダメージ補修度ランキング', '総合ランキング', '有名ヘアサロンとローズマリーの\n夢のコラボ！', 'ローズマリー店頭で品切れ続出！\nコスパ抜群のさらさら髪へ導くヘアミルク', 'アルガンをはじめとする\n植物オイルパワーで傷んだ髪を補修、保湿']",36,"['ノンシリコンシャンプーを使う場合', 'シリコン入りシャンプーを使う場合']",2,[],0,5,シャンプー　おすすめ
5,【2021年】市販シャンプーのおすすめ人気ランキング139選【徹底比較】 | mybest,106693,835,['【2021年】市販シャンプーのおすすめ人気ランキング139選【徹底比較】'],1,"['この記事を監修する専門家', '検証のポイント', '市販シャンプーの選び方', '売れ筋の人気市販シャンプー全139商品を徹底比較！', '市販シャンプー全139商品\nおすすめ人気ランキング', '美容師直伝！効果を高めるシャンプー法', '目的に合わせて、専用シャンプーもチェックしよう', '男性には男性の悩み。メンズシャンプーもチェックしよう', '市販シャンプーの売れ筋ランキングもチェック', '関連記事', '人気の記事', '人気のアイテムリスト', 'カテゴリから探す']",13,"['検証① 成分評価', '検証② 洗浄力', '検証③ 使用感', '① 髪質や肌質に合う「洗浄成分」を選ぼう', '② +αの特徴や使用感で選ぼう', '③ シャンプーのシリコンは気にしなくてもOK！', '④ 成分の質にこだわるなら「サロン専売シャンプー」も視野に', '検証① 成分評価', '検証② 洗浄力', '検証③ 使用感', '株式会社多田\nクレージュシャンプー', 'ネイチャーラボ\nダイアン パーフェクトビューティー エクストラダメージリペア', 'マッシュビューティラボ\nO by F モイストシャンプー', 'アンファー\nスカルプDボーテ ナチュラスター スカルプシャンプー', 'イルミルド製薬\nALLNA ORGANIC モイスチャーシャンプー', 'ナプラ\nN. SHEAシャンプー モイスチャー', '日華化学\nフローディア シャンプー ディープモイスト', 'Amatora\nクゥオ ヘアバス es', 'ステラシード\nアミノメイソン ディープモイスト ホイップクリーム シャンプー', 'I−ne\nDROAS ドロアス シルキーシャンプー ブリージーサボンの香り', 'ネイチャーラボ\nダイアン パーフェクトビューティー ミラクルユー シャイン！シャイン！', 'Sparty\nMEDULLAシャンプー FLOWER', 'ジャパンゲートウェイ\nレヴール\u3000リッチ&モイスト', 'ヴィークレア\nmixim POTION\u3000EXリペアシャンプー', 'スタイリングライフ・ホールディングス\nサボリーノ 髪と地肌を手早クレンズ トリートメントシャンプー モイスト', 'ユニリーバ・ジャパン\nモイストスカルプシャンプー', 'ストーリア\nベルーガ アミノ酸シャンプー アミノダメージケア', 'ナンバースリー\nナンバースリープロアクションforC', 'ヘンケルジャパン\nサロンオンリー シャンプー', 'ソーシャルテック\nチャップアップ CUシャンプー', 'サニープレイス\nクレンジングシャンプー\u3000グリーンアップル', 'ユニリーバジャパン\nLUX\u3000ルミニーク ダメージリペアシャンプー', 'コーセー\nShampoo White Floral', 'AVEDA\nボタニカルリペア', 'ユニリーバ・ジャパン\nLUX プレミアム ボタニフィーク ダメージリペア シャンプー', 'ステラシード\nエイトザタラソ モイストシャンプー', '資生堂\nマシェリ エアフィール シャンプー ＥＸ', '熊野油脂\n馬油シャンプー', 'ちふれ\nアミノシャンプー', 'P&G\nパンテーンミラクルズ リッチモイスチャー', 'オブ・コスメティックス\nSOAP OF HAIR 1-TL', 'RAFT\nアンクオリジナルシャンプー', 'サンテック産業\nE STANDARD SHAMPOO', 'AIMH\nlink シャンプー', '資生堂\nTSUBAKI\u3000プレミアムモイスト シャンプー', 'ELC\u3000JAPAN\nニュートリプレニッシュ\u3000シャンプーライト', 'La Villa Vita\nRe: hair Shampoo', 'プラス\nハニープラス スムース＆リペアシャンプー', 'Dears\nディアーズシャンプー', 'ヴィークレア\nECOLOVISTA\u3000シャンプー（モイスト スパ）', 'ステラシード\nAHALO BUTTER リッチモイスト シャンプー', 'ボーテデュサエ\nエアリーシャンプー 〈ローズブーケ〉', 'ネイチャーラボ\nDiane Bonheur\u3000ダメージリペア シャンプー グラースローズの香り', 'I−ne\nボタニスト ボタニカルシャンプー モイスト', 'LIT INNOVATION\nasulong シャンプー', 'ヤクルト\nラミーヌ\u3000S.E. シャンプー', 'P&G\nパンテーン ミセラー\u3000スカルプクレンズシャンプー', '良品計画\n無印良品 エイジングケアシャンプー', 'ロクシタンジャポン\nファイブハーブス リペアリング シャンプー', 'コーセー\nSS ビオリス ボタニカル エステティーク リファイニング シャンプー （モイスト）', 'SPRジャパン\nサムライウーマン シャンプー', '多田\nジョアーロ\u3000スムースクレンズシャンプー', 'ラシク\nイオニコ\u3000プレミアムイオン ダメージケアシャンプー （モイスト＆リペア）', '花王\nエッセンシャル\u3000しっかりまとまるシャンプー', 'ミルボン\nオージュア フィルメロウ シャンプー', 'ポーラ\nエステロワイエ シャンプー', 'マッシュビューティーラボ\ngiovanni 2chic ダメージ シャンプー', '黒ばら本舗\nツバキオイル シャンプー', 'スーパーフードラボ\nSUPERFOOD LAB オーガニクス シルキーシャンプー', '花王\nピュアン ナチュラル クレンズケアシャンプー', 'サンコール\nR-21\u3000シャンプー', 'ZERO PLUS\nウーマシャンプープレミアム', 'ビーバイイー\nリンレン シャンプー ローズ&ツバキ', 'ウエルネスボーテ\nLATTE SHAM\u3000スムースシャンプー', 'ビューティエクスペリエンス\nハニーチェ\u3000クリーミーハニー シャンプー', '花王\nandand\u3000シャンプー ボタニカルフルーツの香り', 'アンドナイン\nKESHIKI\u3000シャンプー', '賢人\nLondシャンプー', 'ピエール ファーブル ジャポン\nルネフルトレール\u3000リュミシア シャインシャンプー', 'フィヨーレコスメティクス\nFプロテクト\u3000ヘアシャンプー リッチタイプ', '彩り\nモーガンズ\u3000ノンシリコン アミノ酸シャンプー （スムース&ガーデン）', 'P&G\nパンテーン エクストラダメージケア シャンプー', 'AQUA・NOA\nアミノレスキュー\u3000モイストシャンプー', 'ミルボン\nジェミールフラン シャンプー ハート', '資生堂\nアクアインテンシブ シャンプー', 'ユニリーバジャパン\nクリア\u3000ナチュラルグロス スカルプ シャンプー', 'RBP\nMERCURYDUO by megami no wakka（モイストタイプ）', 'フードコスメ\nSKINFOOD\u3000アルガンオイルシルクプラスヘアーシャンプー', '石澤研究所\n植物生まれのオレンジ地肌シャンプーN', '多田\nクレージュ シャンプーSN', 'コーセー\nジュレームアミノ\u3000エクストラモイストシャンプー', 'さくらフォレスト\nハーブガーデンシャンプー', 'ユニリーバ・ジャパン\nLux BeautyiD\u3000ピュアクレンズシャンプー', 'moremo\nリペア シャンプーＲ', 'モンシュシュ\nISM\u3000シャンプー シェルピンク', 'uka\nShampoo Nighty night', 'モアコスメティクス\nBadens for GENERAL\u3000SCALP SHAMPOO', 'ヴィークレア\n&honey Melty\u3000モイストリペア シャンプー1.0', 'ユニリーバ・ジャパン\nLUX スーパーリッチシャインシャンプー', 'P&G\nハーバルエッセンス シャンプー ビオリニュー モロッカンオイル', 'ビューティーエクスペリエンス\nディープレイヤー\u3000シャンプーExG', 'ユニリーバ・ジャパン\nティモテ\u3000ローズ モイスチャーシャンプー', 'ビー・エス・ピー\nリラベール CMCシャンプー', 'N＆O\u3000Life\nシンスボーテ オーガニックシャンプー', 'アルペンローゼ\nLaCASTA アロマエステ ヘアソープ35', 'ユニリーバ\nダヴ モイスチャーケア シャンプー', 'P&G\nh&s モイスチャー シャンプー', 'アジュバン・コスメティクス\nClass S Rg Shampoo', 'コーセー\nスティーブンノル モイスチュアコントロール シャンプー', 'ミルボン\nディーセス ノイドゥーエ ウィローリュクス シャンプー', '日本ロレアル\nケラスターゼ バン ルミエール', 'コスメテックスローランド\nヘアザプロテイン\u3000モイストシャンプー', 'ネイチャーラボ\nダイアン ボタニカル\u3000ディープモイストシャンプー ホイップシアバター＆シュガー', 'john masters organics\nL&Rシャンプー N (ラベンダー&ローズマリー)', 'ラシク\nAROMA KIFI オーガニックシャンプー DAMAGE REPAIR', 'ビューティーエクスペリエンス\nロレッタ まいにちのすっきりシャンプー', 'ジャパンゲートウェイ\nレヴール ゼロ モイスト シャンプー', 'P&G\nKIMEA\u3000ベーシックシャンプー スカルプピュアクレンズ', 'クラシエホームプロダクツ\nma&me Latte\u3000ダメージリペアシャンプー', 'Stay\u3000Free\nサトリ\u3000ボタニカルシャンプー', '日本オリーブ\nナチュラルマインド シャンプー', 'THREE\nTHREEスキャルプ&ヘアリファイニングシャンプーR', 'nijito\nharu kurokamiスカルプ', 'クラシエホームプロダクツ\nCOCONSUPER\u3000インナーコンフォートシャンプー（スリーク&リッチ）ホワイトブーケ', 'コーセー\nPredia\u3000ファンゴ シャンプー', '資生堂\nスーパーマイルド シャンプーＡ', '花王\nInes\u3000 ジェントル スクラブ クレンズ', 'ヴェレダ・ジャパン\nオーガニックシャンプー（ノーマルヘア用）', 'アユーララボラトリーテイスト\nアユーラ\u3000バランシングシャンプー', '花王\nキュレル シャンプー', 'カラーズ\nザ パブリック オーガニック スーパーポジティブ 精油シャンプー', 'ライオン\nオクトセラピエ\u3000薬用スキンシャンプー', '第一三共ヘルスケア\nミノン 薬用ヘアシャンプー', 'クラシエホームプロダクツ\nHIMAWARI ディアボーテ オイルインシャンプー リッチ＆リペア', 'ヤマサキ\nラサーナ プレミオール シャンプー', 'ロート製薬\nセバメド エクストラマイルドシャンプー', 'クラシエホームプロダクツ\nいち髪\u3000なめらかスムースケアシャンプー', 'Aesop\nNT シャンプー', '夢幻舎\nナチュラルERシャンプー 103 （海藻・海泥）', 'ルベル\nイオ セラム クレンジング＜シャンプー＞', 'SABON\u3000Japan\nローシャンプー グリーン・ローズ', '阪本高生堂\n旅美人 馬油シャンプー', 'コタ\nアイケア シャンプー5', '持田ヘルスケア\nコラージュフルフル ネクストシャンプー うるおいなめらかタイプ', 'ライオン\nオクト シャンプー', '花王\nメリットシャンプー', 'YVES ROCHER\nヘルシースカルプシャンプー リペア', '牛乳石鹸共進社\nカウブランド 無添加シャンプー さらさら', 'アモーレパシフィックジャパン\n呂 Damage Care Shampoo', '資生堂\nSEABREEZE リンスインシャンプー']",150,"['乾燥肌・ダメージ毛なら「アミノ酸系」でしっとりツヤ髪に', 'オイリー肌・健康毛なら「高級アルコール系」で爽快なサラサラ髪に', '敏感肌・ベビーやキッズには「ベタイン系」がおすすめ', '過敏肌・自然指向なら「石けん系」という選択肢も', '髪のダメージが気になるなら「高保湿」「オイルイン」「馬油」シャンプー', '天然由来成分にこだわるなら「オーガニック」「ボタニカル」シャンプー', '清涼感を求めるなら、「メントール成分入り」', '敏感肌なら、着色料・防腐剤・香料不使用の「低刺激性」のものを', '【検証結果ハイライト】5点満点中平均は4.06点と優秀。なかでも洗浄と保湿成分のバランスのよさが評価を分けた', '【検証ハイライト】高級アルコール系成分の洗浄力の高さが証明される結果に。アミノ酸系やベタイン系をブレンドした構成がおすすめ', '【検証ハイライト】軽い頭皮としっとりまとまる髪。対極にある2つの仕上がりを両立したシャンプーが高評価！', '自宅でOKの新感覚ヘッドスパ！保湿効果のある泡パックで地肌を整えるシャンプー', 'シャンプー＆トリートメントで3,080円（税込）！お財布に優しいおうちヘッドスパ', 'すべてが高評価かつ高コスパ。弱点がまずなかったシャンプー', '使用感は最高評価。ハリ・コシ不足などエイジングケアにも', 'オーガニック認証成分を高配合。スカルプケアを重視する人に', '洗い心地のよさが好評。とくに短髪や頭皮ケアしたい人向き', '高洗浄×高保湿を両立。髪のダメージが気になる人におすすめ', '指どおりがよく、サラサラの仕上がり。モニターから実感の声', '保湿を見込める洗浄成分が特徴。髪ダメージが気になる人向き', '植物由来成分とアミノ酸系成分が豊富。もこもこ泡で使用感も快適', 'クレイ成分海シルトが特色。すっきり洗い上げたい脂性肌向き', '成分と洗浄力は文句なしの満点。感動に欠ける使用感が惜しい', '総合的に満足度は高めのシャンプー。合成着色料だけが懸念点', 'リラックスできる上品なアロマ。洗浄力と添加物以外は高評価', '保湿成分は少ないが、植物成分が豊富でモニターからは好印象', '成分は満点評価。フルーツ飴のような人工的な香りには賛否', '成分と洗浄力は合格点。さっぱりした仕上がりを求める人向き', 'ダメージ対策の選択肢だが、泡立ちや香りなど気になる点も', '高洗浄力なのにしっとりまとまる。だが、成分はややシンプル', '高級感のある華やかな香り。高洗浄に見合わない保湿成分が惜しい', '使用感より、乾燥やハリ・ツヤ不足などのお悩み解消を重視する人向き', '洗浄力は高評価。ダメージ毛には不向きだが頭皮はすっきり', '使用感も洗浄力も良好。しかし、頭皮を労る成分は物足りない', '洗浄力と使用感は合格点だが、成分構成のバランスが気になる', 'モニター評価は良好。肌にやさしい構成だが、植物成分が少ない', '洗浄力は合格点。髪の仕上がりは不評でダメージ毛には不向き', '高品質で保湿・補修を見込める成分評価。使用感は比例しない', 'すべてが平均点。とくに悪い評価もないが、決め手には欠ける', '高洗浄力。馬油は魅力だが、製品としてオリジナリティは薄め', 'モニターから好印象。しかし、シンプルすぎる成分が気になる', '洗浄力は満点。使用感も好印象だが、敏感肌には不向きの成分', '成分評価も使用感も合格点。しかし、洗浄力は期待できない', 'モニターからの評判は上々なものの、成分と洗浄力は平均割れ', '成分は満点。ハリコシアップ・サラサラな仕上がりには賛否', '全体的として平均点の品。髪ダメージが気になるなら選択肢に', '洗浄力は合格点だが、成分構成に反しダメージケアには不向き', '自然派向きの成分構成。しかし、使用感も洗浄力も印象は薄め', '肌に負担のない成分構成は魅力なものの、成分と使用感にズレ', '洗浄力は低評価。しかし、髪のまとまりや指どおりは好印象', 'カラー後のダメージケア向きな成分構成だが、洗浄力は弱い', 'バイオマスボトルが特徴。致命的欠点はないが、洗浄力は弱め', '植物由来成分が豊富で肌にやさしい。しかし特出した特徴はなし', '香料が低評価のポイント。香りも甘く、肌への負担も気になる', '植物由来成分は豊富。満点評価が無く、決め手には欠ける商品', 'すべてが平均評価。特徴が薄いうえ、強めの防腐剤が懸念点', '植物由来成分は豊富だが、優秀な成分構成に見合わない使用感', '頭皮を健やかに保つ成分は嬉しいものの、使用感はいまひとつ', '満点獲得の高洗浄力。しかし、防腐剤は肌負担となるおそれも', '成分と洗浄力は合格ながら、特徴のない使用感が評価を分けた', '洗浄力は合格点。しかし、使用感は物足りなさが目立った', '洗浄力は高得点を獲得。汚れ落ちが目的であれば選択肢に', '花や果実の華やかな香り。しかし、敏感肌の人には不向き', '高品質な成分ながら、防腐剤が気になる。仕上がりは及第点', '高い保湿・補修効果を見込める成分構成。使い心地が難点', 'モニターからは好印象。ただ、脱脂力が高く乾燥が気になる', '個人差のある使用感と髪の仕上がり。軽度のダメージケア向き', '品質維持のための添加物が気になる。ただ髪の仕上がりは良好', '洗浄力は弱いものの、ナチュラル志向の成分構成は魅力的', '成分と使用感はまずまず。泡立ちが悪く、使い心地は不評', '使用感はまずまず。髪よりも頭皮ケア向きで植物エキスが豊富', 'もっちり泡で洗い心地良好。しかし、高い脱脂力が気になる', '頭皮ケア向きの成分構成は満点評価。ただ、使い心地は不評', '成分と洗浄力は高評価。しかし、とくに特徴のない使用感', 'すべての評価が平均前後。しっとりまとまる髪を目指せる', '成分構成はまるでカフェラテ。使用感と洗浄力はいまひとつ', '高い保湿力に特化した商品。成分バランスがいいとは言えない', '洗浄力を助長するエタノールが高配合。高めの脱脂力は懸念点', '成分構成は優秀。しかし、謳い文句とは乖離した使用感評価', 'ダメージ補修向きの成分構成に見合わない使用感が気になる', '洗浄に特化した成分構成だったが、髪の仕上がりはまずまず', 'ダメージケア向きの高保湿タイプ。ただ、使い心地には難点も', '快適な使用感だが、髪の仕上がりに個人差。添加物も気になる', '洗浄力が高く、余計な成分が多い。頭皮トラブルに注意が必要', '高保湿・補修効果を見込める成分だが、使用感はいまひとつ', '洗浄力のみ合格点。致命的な弱点は無いものの美点も少ない', '謳い文句に反し、頭皮ケアに特化した成分構成。使用感は不評', '成分も使用感もまずまず。やさしい洗浄力が好みなら選択肢に', 'アパレルブランド発のシャンプー。髪の仕上がりには個人差も', '高い保湿効果は大きな魅力だが、頭皮への残留は気になる', '使用感は合格点。肌負担の心配は少ないが、洗浄力は極めて弱い', '成分評価は満点。頭皮ケア向きだが、洗浄力は平均点以下', '高保湿タイプだが、補修成分は物足りない。洗浄力も弱め', '敏感肌の人向きの成分構成は満点。しかし、洗い心地は不評', 'モニターからは好印象。しかし、成分と洗浄力はいまひとつ', '贅沢な成分配合は魅力。しかし、洗い心地はマイナス評価', '髪の指どおりやまとまりは好印象だが、香りと洗浄力は低評価', '香りに賛否。ただ、充実の成分構成はエイジングケア向き', '肌質を問わないやさしい成分配合は魅力。敏感肌の人には選択肢', 'すべての評価が平均点。人工着色料などの添加物が不要', '洗浄力のみ合格点獲得。脂性肌向きだが、気になる添加物を含む', '長い時間残る甘い香りに賛否。脱脂力が高く、超級の脂性肌向き', '洗浄力は合格点。髪の仕上がりは好印象だが、香りが気になる', '豊富な植物エキスは魅力だが、保湿・補修成分は物足りない', '髪の主成分のひとつCMC配合。しかし、使用感には個人差も', 'すべての評価が平均点。植物由来成分が豊富で頭皮ケア向き', 'オイルインタイプ。謳い文句と裏腹に保湿・補修成分が少ない', '泡立ちのよさは好印象。しかし、脱脂力が高く脂性肌向き', '脂性肌向けの高洗浄力。使う人を選ぶシャンプー', 'ダメージケア向きの成分構成。しかし、使用実感は得られず', '洗浄力は満点。脂性肌向きだが、効果実感は薄くどっちつかず', '泡立ちと香りのよさが魅力だが、成分バランスがいまひとつ', 'モニターからは総合的に高評価。低洗浄力だが爽快感の声も', '高保湿効果を期待できるプロテイン成分だが、仕上がりは不評', 'マイルドな脱脂力に高洗浄力を両立。ただ、独特な香りは不評', '自然派の成分構成は魅力。しかし、精油による肌負担は注意', '肌にやさしい成分設計だが洗浄力は低い。売りの香りにも賛否', '洗浄力が高く乾燥が気になる。髪もキシキシした仕上がりに', '高保湿タイプだが洗浄力も及第点。ツンとした香りは惜しい', '洗浄力は満点評価。しかし、髪のきしみや甘い香りは不評', '親子で使えるがコンセプト。ただ、使いやすさはいまひとつ', '目立った特徴のないシャンプー。保湿成分も物足りない', '天然オリーブオイルを配合。洗浄力と使用感はいまひとつ', '植物エキスが豊富。低洗浄力で頭皮のベタつきが気になる', '成分は文句なしの満点だが、ゴワつきやパサつきが気になる', '極めて平均的なシャンプー。ダメージヘア向きかは疑問符', '高めの洗浄力で脂性肌向け。ただ、頭皮の爽快感は得られず', '使用感は及第点。しかし、成分構成と洗浄力がいまひとつ', '脱脂力の高いスクラブ入り。頭皮ケア向きだが、乾燥に注意', '敏感肌向きの成分構成。ただ、髪の仕上がりは期待できない', '成分構成は悪くないものの、効果実感を得にくいのが難点', '薬用タイプ。保湿・補修成分は少ないが頭皮ケアには選択肢', '天然由来が豊富な成分構成は満点。ただ、使用感には個人差も', '薬用タイプだが、高い脱脂力。脂漏性のフケやかゆみの人向き', 'アミノ酸系ながら洗浄力は平均点。有効成分目的なら選択肢に', 'ヒマワリ成分が豊富。ただ、低洗浄力でパサつきも気になる', '成分のみ平均点。気になる点が多く、決め手に欠ける商品', '平均を超える評価が無し。全体的に特徴の少ないシャンプー', '肌負担は気にならない成分構成だが、使用感も洗浄力も低得点', '成分評価のみ平均を超える評価。香料による肌負担が気になる', '高い洗浄成分なのに、低洗浄力。使用実感が得づらい商品', '頭皮ケア成分配合。しかし、3つすべての評価がいまひとつ', 'クリームタイプ。独特な使用感ゆえ万人にはおすすめしにくい', '整肌作用を期待できる薬用タイプ。しかし、感動の薄い使用感', '謳い文句に反する仕上がりが低評価。防腐剤の負担も気になる', 'すべての評価が平均以下。乾燥性のフケ対策としては選択肢に', '薬用タイプの成分構成は最低評価。乾燥・敏感肌には不向き', '高脱脂力。皮脂分泌が多く、髪の短い人向きのシャンプー', '洗浄力は合格だが、日本人には馴染みづらい使用感がマイナス', '洗浄に特化したシンプルな成分構成。敏感肌の人には選択肢', '洗浄力のみ合格点。シリコン含有量が多く、髪の質感も違和感', 'モニターからは最低評価。清涼感や髪の硬さに抵抗を感じる声も']",152,[],0,6,シャンプー　おすすめ
6,@cosme公式通販 シャンプーのおすすめ売れ筋人気ランキング / @cosme SHOPPING,6261,56,"['', 'シャンプーのおすすめ売れ筋人気ランキング']",2,"['&honey Silky スムースモイスチャーシャンプー1.0 / 350ml / 詰替え / ピュアフルールハニーの香り', 'ドライ シャンプー N / 40g(お試しミニサイズ) / お試しミニサイズ / フレッシュフローラルウッディ', 'スムーススパ シャンプー / 本体', 'このカテゴリの人気ブランドから探す']",4,[],0,[],0,[],0,7,シャンプー　おすすめ
7,【2021最新】市販シャンプーおすすめ人気ランキング25選！ | ARINE [アリネ],26492,135,['【2021最新】市販シャンプーおすすめ人気ランキング25選！'],1,"['シャンプー選び【4つのチェックポイント】', '【マッピング図】洗い上がり×仕上がりで見るおすすめシャンプー', 'ドラッグストアで買える！【市販シャンプーランキング25選】', '今更聞けない？【正しいシャンプー方法】', 'シャンプー・ヘアケアの【Q＆A】', 'シャンプーの記事をもっと見る', 'こだわりの市販シャンプーで、憧れ美髪に', 'あなたにおすすめ', '関連する記事', '関連するキーワード', 'ライター', 'カテゴリ', 'ヘアスタイルの記事ランキング\n昨日人気のあったヘアスタイルに関する記事', 'おすすめの記事\nいまARINEで話題の記事']",14,"['check1【シャンプーの種類】', 'check2【シリコンの有無】', 'check3【髪の状態から選ぶ】', 'check4【香り】', 'check5【コスパの良さ】', 'Q. シャンプーとコンディショナーは違うブランドのものを使っても平気？', 'Q. シャンプーブラシって使うべき？', 'Q. 乾かし方のポイントは？']",8,"['A. 違うブランドのものでも基本的に大丈夫！', 'A. ブラシは使わなくてもOK', 'A. 根元→中間→毛先の順で、少し引っ張りながら乾かしましょう']",3,[],0,8,シャンプー　おすすめ
8,【楽天市場】シャンプー | 人気ランキング1位～（売れ筋商品）,12092,438,['シャンプーランキング'],1,"['ランキング', 'ジャンル一覧', '条件で絞り込む', 'このジャンルの特集', 'このジャンルの商品', '楽天市場のイチオシ', 'リアルタイム ランキング', '関連ジャンルを見る']",8,[],0,[],0,[],0,9,シャンプー　おすすめ
